name,section
Cindy Ubobpd,9AM
Madeleine Omidge,11AM
Caleb Ryincn,11AM
Isabel Brbvzb,11AM
Hanon Soeuwi,11AM
Shupei Sbjnlj,9AM
Aleisha Qdwice,9AM
Tucker Isecqa,9AM
Jesus Kuouem,11AM
Adreya Gfmdxd,11AM
Melissa Ccdwbe,11AM
Diya Cjkkpj,9AM
Allyn Ckejmc,9AM
Yuwen Qgotmf,9AM
Angel Fkjfdq,11AM
Nancy Awythh,9AM
Vijigisha Hfhqji,11AM
Tamara Tzncuq,11AM
Jayden Rwhohd,11AM
Giang Vldygm,11AM
Meghana Pjytec,11AM
Grace Sbfymy,9AM
Abraham Roauez,9AM
Karen Xrklxe,9AM
Moses Nwzlfv,9AM
Diego Fgezvf,11AM
Katelyn Sfdbpl,9AM
Sally Drdojt,9AM
Ethan Keuxdz,11AM
Havyn Tieame,11AM
Rohit Bqvfga,9AM
Sylvia Xkjucu,9AM
Andrea Fhdbgg,11AM
Riti Aizimx,9AM
Brittany Asiycv,11AM
Syanne Qvmmbz,9AM
Mihika Cftvfq,9AM
Weixuan Nuyted,9AM
Sophia Epotji,9AM
Jaesun Yyqfjt,9AM
Newton Sngdij,11AM
Ruoxi Meuhvy,11AM
Yashita Kbeudr,11AM
Lucas Laygjs,11AM
Andrew Aldmta,9AM
Pan Tzcbmt,9AM
Nishka Mctsph,11AM
Enoch Tghooh,11AM
William Hakqup,11AM
Steven Ghpbsv,11AM
Timothy Rfnure,11AM
Baihe Bnzuid,11AM
Robert Yqsgub,11AM
Aaryaman Xafood,9AM
Julia Swpywh,9AM
Isaac Amngjp,11AM
Manya Snzxyr,9AM
Abraham Jgvrme,11AM
Evan Flkkni,11AM
Cole Widyfq,9AM
Haley Rgkbju,9AM
Sofia Jjiedk,11AM
Nicole Rddzak,11AM
Brando Rzybse,11AM
Joshua Ngzoll,11AM
Anna Uidiot,9AM
Arnav Qetyje,9AM
Jenny Xkdliv,11AM
Ace Gtrbzk,9AM
Karl Aetgbu,9AM
Annie Pxxmla,11AM
Nicholas Vywtvh,9AM
Christopher Lfzdao,11AM
Luc Rfkrku,9AM
Ann Rxkuyh,9AM
Audrey Vmoxvk,11AM
Ronit Kkapnp,11AM
Michael Socsmf,11AM
Vivek Bjmdbi,9AM
Corey Jdzrye,9AM
Ava Mwsxuo,9AM
Sirisha Blshon,9AM
Yuzhe Nktrny,11AM
Christian Ajjzbi,11AM
Alex Ihhwal,9AM
Georgia Gcaldo,9AM
Joyce Ldmxhy,11AM
Elizabeth Xomzha,11AM
Khang Clcitb,11AM
Jerry Ayisaj,9AM
Janelle Apvvnn,9AM
Makainah Spinbw,11AM
Nhan Mpkvog,11AM
Anadi Kuoabp,11AM
Ruth Cmqjpt,11AM
Audrey Deofem,11AM
Brook Qowego,9AM
Taryne Eoirwh,11AM
Sneha Akfiae,9AM
Lifang Efucyv,9AM
Aidan Xdcnab,11AM
Renheng Ozpwox,11AM
Jason Oersgy,9AM
Brayan Xgskqe,11AM
Ganya Uhqlso,9AM
Arush Svynov,11AM
Aaron Qjayra,11AM
Chenyi Aprctp,11AM
Justin Qwmnhu,11AM
Yashas Vlrwgc,9AM
Xintong Rddlav,11AM
Evan Flmeik,9AM
Runyu Kkcfoe,9AM
Alex Dxnfiv,9AM
Annette Eyesnx,9AM
Natalie Axpsov,11AM
Jagger Mdxzko,11AM
Dante Qglbwf,11AM
Daniella Vhfwuy,9AM
Quinn Mpvnns,11AM
Emma Itjtsu,9AM
Kimberly Rfrqgd,9AM
Mia Yesbxa,9AM
Sophia Tzjfxx,11AM
Zirong Mxtwfo,11AM
Anavi Cidvzr,9AM
Advay Ymlpqd,11AM
Christine Vldwiu,11AM
Swara Sesnam,9AM
Kaly Nursrr,9AM
Lucy Jdjwer,11AM
Shanglin Rnpdtb,11AM
Diego Ewuvke,9AM
Miguel Ajzour,9AM
Kathy Wozviq,9AM
Niko Naoxyo,11AM
Saadat Eadfgq,9AM
Chloe Camvgc,11AM
Sophie Ilvrib,11AM
Lani Rpcmgt,11AM
